{
  "lang":"en",
  "name":"pipeline",
  "version":"0.0.0",
  "spacy_version":">=3.8.4,<3.9.0",
  "description":"",
  "author":"",
  "email":"",
  "url":"",
  "license":"",
  "spacy_git_version":"85cc763",
  "vectors":{
    "width":0,
    "vectors":0,
    "keys":0,
    "name":null,
    "mode":"default"
  },
  "labels":{
    "transformer":[

    ],
    "ner":[
      "College Name",
      "Companies worked at",
      "Degree",
      "Designation",
      "Graduation Year",
      "Job Specific Skills",
      "Location",
      "Soft Skills",
      "Tech Tools",
      "Years of Experience"
    ]
  },
  "pipeline":[
    "transformer",
    "ner"
  ],
  "components":[
    "transformer",
    "ner"
  ],
  "disabled":[

  ],
  "performance":{
    "ents_f":0.7874516936,
    "ents_p":0.7859967585,
    "ents_r":0.788912025,
    "ents_per_type":{
      "Designation":{
        "p":0.8255681818,
        "r":0.8393991912,
        "f":0.8324262389
      },
      "Job Specific Skills":{
        "p":0.7088414634,
        "r":0.6897404203,
        "f":0.6991605062
      },
      "Soft Skills":{
        "p":0.7881087919,
        "r":0.8516746411,
        "f":0.8186596583
      },
      "Tech Tools":{
        "p":0.8616567037,
        "r":0.8207700651,
        "f":0.8407165671
      },
      "Years of Experience":{
        "p":0.8959200666,
        "r":0.929991357,
        "f":0.9126378287
      },
      "Degree":{
        "p":0.7647928994,
        "r":0.7302259887,
        "f":0.7471098266
      },
      "Graduation Year":{
        "p":0.8422273782,
        "r":0.8832116788,
        "f":0.8622327791
      },
      "College Name":{
        "p":0.7569331158,
        "r":0.7694859038,
        "f":0.7631578947
      },
      "Location":{
        "p":0.7331995988,
        "r":0.8383027523,
        "f":0.7822364901
      },
      "Companies worked at":{
        "p":0.6373779637,
        "r":0.6623188406,
        "f":0.6496090974
      }
    },
    "transformer_loss":3492.6563390791,
    "ner_loss":5350.3847773848
  }
}